scenario,preset_id,scene_profile,method,start_edge,end_edge,travel_time_s,time_loss_s,waiting_time_s,stop_count,vehicle_arrived,simulation_truncated,completion_status,tripinfo_arrival_s,tripinfo_vaporized,planning_time_s,model_infer_time_s,route_solve_time_s,constraint_rate,signal_ratio,signal_edges,parsed_edges,parsed_edge_ratio,default_edges,path_len,path_cost,simulation_seed,warmup_seconds,evaluation_start_time,evaluation_end_time,scene_profile_version,use_gat,model_path,protocol_snapshot_json,notes
场景N normal_baseline 正常通行,N,normal_baseline,Dijkstra,R3C0_E,R3C4_E,236.0,40.33,23.5,2,True,False,arrived,356.0,,9.5e-05,0.0,9.5e-05,100.0,0.0,0,0,0.0,96,5,5.0,101,120,120,1800,sha256:012f7472d50a,False,,"{""evaluation_end_time"": 1800, ""evaluation_start_time"": 120, ""legacy_field_mapping"": {""infer_time"": ""model_infer_time_s"", ""plan_ms"": ""planning_time_ms"", ""planning_ms"": ""planning_time_ms"", ""sumo_time"": ""travel_time_s"", ""time_s"": ""planning_time_s"", ""travel_time"": ""travel_time_s"", ""true_travel_time"": ""analytical_travel_time_s_legacy""}, ""legacy_field_notes"": {""infer_time"": ""Model inference-only time; this is a subcomponent of planning time, not travel time."", ""plan_ms"": ""Legacy planning latency field in milliseconds."", ""planning_ms"": ""Legacy planning latency field in milliseconds."", ""sumo_time"": ""SUMO-measured vehicle travel time in seconds."", ""time_s"": ""Legacy seconds field that was often used for inference or planning time, depending on the script."", ""travel_time"": ""SUMO-measured vehicle travel time in seconds in the current app pipeline."", ""true_travel_time"": ""Legacy analytical proxy from evaluate.py rather than a live SUMO trip duration.""}, ""num_eval_seeds"": 1, ""planning_time_definition"": ""Planning Time (s) = model inference time + route solving time only. It excludes SUMO startup, warm-up, simulation stepping, and live vehicle travel."", ""reroute_period"": 60, ""reroute_trigger_mode"": ""periodic"", ""simulation_seed_policy"": ""scene_profile_fixed_seed_single_run"", ""travel_time_definition"": ""Travel Time (s) = SUMO trip duration for the evaluated vehicle only, measured from vehicle depart to vehicle arrival inside the simulator."", ""vehicle_depart_window"": [120, 120], ""warmup_seconds"": 120}",旧 baseline 权重逻辑保持不变，仅切换为 scene-profile-fixed live SUMO 协议。
场景A 黄河路单向拥堵,A,simple_local,Dijkstra,R3C0_E,R3C4_E,355.9,101.47,81.4,3,True,False,arrived,535.9,,0.000215,0.0,0.000215,0.0,0.0,0,0,0.0,96,5,5.0,111,180,180,2100,sha256:012f7472d50a,False,,"{""evaluation_end_time"": 2100, ""evaluation_start_time"": 180, ""legacy_field_mapping"": {""infer_time"": ""model_infer_time_s"", ""plan_ms"": ""planning_time_ms"", ""planning_ms"": ""planning_time_ms"", ""sumo_time"": ""travel_time_s"", ""time_s"": ""planning_time_s"", ""travel_time"": ""travel_time_s"", ""true_travel_time"": ""analytical_travel_time_s_legacy""}, ""legacy_field_notes"": {""infer_time"": ""Model inference-only time; this is a subcomponent of planning time, not travel time."", ""plan_ms"": ""Legacy planning latency field in milliseconds."", ""planning_ms"": ""Legacy planning latency field in milliseconds."", ""sumo_time"": ""SUMO-measured vehicle travel time in seconds."", ""time_s"": ""Legacy seconds field that was often used for inference or planning time, depending on the script."", ""travel_time"": ""SUMO-measured vehicle travel time in seconds in the current app pipeline."", ""true_travel_time"": ""Legacy analytical proxy from evaluate.py rather than a live SUMO trip duration.""}, ""num_eval_seeds"": 1, ""planning_time_definition"": ""Planning Time (s) = model inference time + route solving time only. It excludes SUMO startup, warm-up, simulation stepping, and live vehicle travel."", ""reroute_period"": 60, ""reroute_trigger_mode"": ""periodic"", ""simulation_seed_policy"": ""scene_profile_fixed_seed_single_run"", ""travel_time_definition"": ""Travel Time (s) = SUMO trip duration for the evaluated vehicle only, measured from vehicle depart to vehicle arrival inside the simulator."", ""vehicle_depart_window"": [180, 180], ""warmup_seconds"": 180}",旧 baseline 权重逻辑保持不变，仅切换为 scene-profile-fixed live SUMO 协议。
场景E 方向不对称拥堵,E,directional_asymmetry,Dijkstra,R4C0_E,R4C4_E,898.5,312.64,300.1,1,True,False,arrived,1078.5,,0.000187,0.0,0.000187,14.29,0.0,0,0,0.0,96,5,5.0,202,180,180,2100,sha256:012f7472d50a,False,,"{""evaluation_end_time"": 2100, ""evaluation_start_time"": 180, ""legacy_field_mapping"": {""infer_time"": ""model_infer_time_s"", ""plan_ms"": ""planning_time_ms"", ""planning_ms"": ""planning_time_ms"", ""sumo_time"": ""travel_time_s"", ""time_s"": ""planning_time_s"", ""travel_time"": ""travel_time_s"", ""true_travel_time"": ""analytical_travel_time_s_legacy""}, ""legacy_field_notes"": {""infer_time"": ""Model inference-only time; this is a subcomponent of planning time, not travel time."", ""plan_ms"": ""Legacy planning latency field in milliseconds."", ""planning_ms"": ""Legacy planning latency field in milliseconds."", ""sumo_time"": ""SUMO-measured vehicle travel time in seconds."", ""time_s"": ""Legacy seconds field that was often used for inference or planning time, depending on the script."", ""travel_time"": ""SUMO-measured vehicle travel time in seconds in the current app pipeline."", ""true_travel_time"": ""Legacy analytical proxy from evaluate.py rather than a live SUMO trip duration.""}, ""num_eval_seeds"": 1, ""planning_time_definition"": ""Planning Time (s) = model inference time + route solving time only. It excludes SUMO startup, warm-up, simulation stepping, and live vehicle travel."", ""reroute_period"": 60, ""reroute_trigger_mode"": ""periodic"", ""simulation_seed_policy"": ""scene_profile_fixed_seed_single_run"", ""travel_time_definition"": ""Travel Time (s) = SUMO trip duration for the evaluated vehicle only, measured from vehicle depart to vehicle arrival inside the simulator."", ""vehicle_depart_window"": [180, 180], ""warmup_seconds"": 180}",旧 baseline 权重逻辑保持不变，仅切换为 scene-profile-fixed live SUMO 协议。
场景D 中央核心节点封锁,D,core_blockage,Dijkstra,R0C0_E,R4C3_E,2160.1,1815.6,1800.6,6,False,True,truncated_at_evaluation_end,-1.0,,0.000125,0.0,0.000125,12.5,0.0,0,0,0.0,96,8,8.0,303,240,240,2400,sha256:012f7472d50a,False,,"{""evaluation_end_time"": 2400, ""evaluation_start_time"": 240, ""legacy_field_mapping"": {""infer_time"": ""model_infer_time_s"", ""plan_ms"": ""planning_time_ms"", ""planning_ms"": ""planning_time_ms"", ""sumo_time"": ""travel_time_s"", ""time_s"": ""planning_time_s"", ""travel_time"": ""travel_time_s"", ""true_travel_time"": ""analytical_travel_time_s_legacy""}, ""legacy_field_notes"": {""infer_time"": ""Model inference-only time; this is a subcomponent of planning time, not travel time."", ""plan_ms"": ""Legacy planning latency field in milliseconds."", ""planning_ms"": ""Legacy planning latency field in milliseconds."", ""sumo_time"": ""SUMO-measured vehicle travel time in seconds."", ""time_s"": ""Legacy seconds field that was often used for inference or planning time, depending on the script."", ""travel_time"": ""SUMO-measured vehicle travel time in seconds in the current app pipeline."", ""true_travel_time"": ""Legacy analytical proxy from evaluate.py rather than a live SUMO trip duration.""}, ""num_eval_seeds"": 1, ""planning_time_definition"": ""Planning Time (s) = model inference time + route solving time only. It excludes SUMO startup, warm-up, simulation stepping, and live vehicle travel."", ""reroute_period"": 60, ""reroute_trigger_mode"": ""periodic"", ""simulation_seed_policy"": ""scene_profile_fixed_seed_single_run"", ""travel_time_definition"": ""Travel Time (s) = SUMO trip duration for the evaluated vehicle only, measured from vehicle depart to vehicle arrival inside the simulator."", ""vehicle_depart_window"": [240, 240], ""warmup_seconds"": 240}",旧 baseline 权重逻辑保持不变，仅切换为 scene-profile-fixed live SUMO 协议。
场景G 传播范围外溢,G,propagation_range,Dijkstra,R0C0_E,C4R3_N,2117.7,1817.18,1800.6,6,True,False,arrived,2357.7,,0.000238,0.0,0.000238,16.67,0.0,0,0,0.0,96,8,8.0,404,240,240,2400,sha256:012f7472d50a,False,,"{""evaluation_end_time"": 2400, ""evaluation_start_time"": 240, ""legacy_field_mapping"": {""infer_time"": ""model_infer_time_s"", ""plan_ms"": ""planning_time_ms"", ""planning_ms"": ""planning_time_ms"", ""sumo_time"": ""travel_time_s"", ""time_s"": ""planning_time_s"", ""travel_time"": ""travel_time_s"", ""true_travel_time"": ""analytical_travel_time_s_legacy""}, ""legacy_field_notes"": {""infer_time"": ""Model inference-only time; this is a subcomponent of planning time, not travel time."", ""plan_ms"": ""Legacy planning latency field in milliseconds."", ""planning_ms"": ""Legacy planning latency field in milliseconds."", ""sumo_time"": ""SUMO-measured vehicle travel time in seconds."", ""time_s"": ""Legacy seconds field that was often used for inference or planning time, depending on the script."", ""travel_time"": ""SUMO-measured vehicle travel time in seconds in the current app pipeline."", ""true_travel_time"": ""Legacy analytical proxy from evaluate.py rather than a live SUMO trip duration.""}, ""num_eval_seeds"": 1, ""planning_time_definition"": ""Planning Time (s) = model inference time + route solving time only. It excludes SUMO startup, warm-up, simulation stepping, and live vehicle travel."", ""reroute_period"": 45, ""reroute_trigger_mode"": ""periodic"", ""simulation_seed_policy"": ""scene_profile_fixed_seed_single_run"", ""travel_time_definition"": ""Travel Time (s) = SUMO trip duration for the evaluated vehicle only, measured from vehicle depart to vehicle arrival inside the simulator."", ""vehicle_depart_window"": [240, 240], ""warmup_seconds"": 240}",旧 baseline 权重逻辑保持不变，仅切换为 scene-profile-fixed live SUMO 协议。
场景C 多路段复合拥堵,C,compound_disaster,Dijkstra,R0C0_E,R3C4_E,1888.5,1502.3,1481.9,5,True,False,arrived,2188.5,,0.000246,0.0,0.000246,0.0,0.0,0,0,0.0,96,8,8.0,505,300,300,2700,sha256:012f7472d50a,False,,"{""evaluation_end_time"": 2700, ""evaluation_start_time"": 300, ""legacy_field_mapping"": {""infer_time"": ""model_infer_time_s"", ""plan_ms"": ""planning_time_ms"", ""planning_ms"": ""planning_time_ms"", ""sumo_time"": ""travel_time_s"", ""time_s"": ""planning_time_s"", ""travel_time"": ""travel_time_s"", ""true_travel_time"": ""analytical_travel_time_s_legacy""}, ""legacy_field_notes"": {""infer_time"": ""Model inference-only time; this is a subcomponent of planning time, not travel time."", ""plan_ms"": ""Legacy planning latency field in milliseconds."", ""planning_ms"": ""Legacy planning latency field in milliseconds."", ""sumo_time"": ""SUMO-measured vehicle travel time in seconds."", ""time_s"": ""Legacy seconds field that was often used for inference or planning time, depending on the script."", ""travel_time"": ""SUMO-measured vehicle travel time in seconds in the current app pipeline."", ""true_travel_time"": ""Legacy analytical proxy from evaluate.py rather than a live SUMO trip duration.""}, ""num_eval_seeds"": 1, ""planning_time_definition"": ""Planning Time (s) = model inference time + route solving time only. It excludes SUMO startup, warm-up, simulation stepping, and live vehicle travel."", ""reroute_period"": 30, ""reroute_trigger_mode"": ""periodic"", ""simulation_seed_policy"": ""scene_profile_fixed_seed_single_run"", ""travel_time_definition"": ""Travel Time (s) = SUMO trip duration for the evaluated vehicle only, measured from vehicle depart to vehicle arrival inside the simulator."", ""vehicle_depart_window"": [300, 300], ""warmup_seconds"": 300}",旧 baseline 权重逻辑保持不变，仅切换为 scene-profile-fixed live SUMO 协议。
场景N normal_baseline 正常通行,N,normal_baseline,Rule-A*,R3C0_E,R3C4_E,406.8,131.63,102.7,5,True,False,arrived,526.8,,0.001272,0.0,0.001272,100.0,91.7,88,96,100.0,8,6,12.5,101,120,120,1800,sha256:012f7472d50a,False,,"{""evaluation_end_time"": 1800, ""evaluation_start_time"": 120, ""legacy_field_mapping"": {""infer_time"": ""model_infer_time_s"", ""plan_ms"": ""planning_time_ms"", ""planning_ms"": ""planning_time_ms"", ""sumo_time"": ""travel_time_s"", ""time_s"": ""planning_time_s"", ""travel_time"": ""travel_time_s"", ""true_travel_time"": ""analytical_travel_time_s_legacy""}, ""legacy_field_notes"": {""infer_time"": ""Model inference-only time; this is a subcomponent of planning time, not travel time."", ""plan_ms"": ""Legacy planning latency field in milliseconds."", ""planning_ms"": ""Legacy planning latency field in milliseconds."", ""sumo_time"": ""SUMO-measured vehicle travel time in seconds."", ""time_s"": ""Legacy seconds field that was often used for inference or planning time, depending on the script."", ""travel_time"": ""SUMO-measured vehicle travel time in seconds in the current app pipeline."", ""true_travel_time"": ""Legacy analytical proxy from evaluate.py rather than a live SUMO trip duration.""}, ""num_eval_seeds"": 1, ""planning_time_definition"": ""Planning Time (s) = model inference time + route solving time only. It excludes SUMO startup, warm-up, simulation stepping, and live vehicle travel."", ""reroute_period"": 60, ""reroute_trigger_mode"": ""periodic"", ""simulation_seed_policy"": ""scene_profile_fixed_seed_single_run"", ""travel_time_definition"": ""Travel Time (s) = SUMO trip duration for the evaluated vehicle only, measured from vehicle depart to vehicle arrival inside the simulator."", ""vehicle_depart_window"": [120, 120], ""warmup_seconds"": 120}",旧规则权重生成保持不变，仅切换为 scene-profile-fixed live SUMO 协议。
场景A 黄河路单向拥堵,A,simple_local,Rule-A*,R3C0_E,R3C4_E,706.8,416.15,395.0,4,True,False,arrived,886.8,,0.000697,0.0,0.000697,100.0,91.7,88,96,100.0,8,6,16.0,111,180,180,2100,sha256:012f7472d50a,False,,"{""evaluation_end_time"": 2100, ""evaluation_start_time"": 180, ""legacy_field_mapping"": {""infer_time"": ""model_infer_time_s"", ""plan_ms"": ""planning_time_ms"", ""planning_ms"": ""planning_time_ms"", ""sumo_time"": ""travel_time_s"", ""time_s"": ""planning_time_s"", ""travel_time"": ""travel_time_s"", ""true_travel_time"": ""analytical_travel_time_s_legacy""}, ""legacy_field_notes"": {""infer_time"": ""Model inference-only time; this is a subcomponent of planning time, not travel time."", ""plan_ms"": ""Legacy planning latency field in milliseconds."", ""planning_ms"": ""Legacy planning latency field in milliseconds."", ""sumo_time"": ""SUMO-measured vehicle travel time in seconds."", ""time_s"": ""Legacy seconds field that was often used for inference or planning time, depending on the script."", ""travel_time"": ""SUMO-measured vehicle travel time in seconds in the current app pipeline."", ""true_travel_time"": ""Legacy analytical proxy from evaluate.py rather than a live SUMO trip duration.""}, ""num_eval_seeds"": 1, ""planning_time_definition"": ""Planning Time (s) = model inference time + route solving time only. It excludes SUMO startup, warm-up, simulation stepping, and live vehicle travel."", ""reroute_period"": 60, ""reroute_trigger_mode"": ""periodic"", ""simulation_seed_policy"": ""scene_profile_fixed_seed_single_run"", ""travel_time_definition"": ""Travel Time (s) = SUMO trip duration for the evaluated vehicle only, measured from vehicle depart to vehicle arrival inside the simulator."", ""vehicle_depart_window"": [180, 180], ""warmup_seconds"": 180}",旧规则权重生成保持不变，仅切换为 scene-profile-fixed live SUMO 协议。
场景E 方向不对称拥堵,E,directional_asymmetry,Rule-A*,R4C0_E,R4C4_E,1778.7,1216.22,1200.4,4,True,False,arrived,1958.7,,0.000641,0.0,0.000641,85.71,91.7,88,96,100.0,8,8,21.2,202,180,180,2100,sha256:012f7472d50a,False,,"{""evaluation_end_time"": 2100, ""evaluation_start_time"": 180, ""legacy_field_mapping"": {""infer_time"": ""model_infer_time_s"", ""plan_ms"": ""planning_time_ms"", ""planning_ms"": ""planning_time_ms"", ""sumo_time"": ""travel_time_s"", ""time_s"": ""planning_time_s"", ""travel_time"": ""travel_time_s"", ""true_travel_time"": ""analytical_travel_time_s_legacy""}, ""legacy_field_notes"": {""infer_time"": ""Model inference-only time; this is a subcomponent of planning time, not travel time."", ""plan_ms"": ""Legacy planning latency field in milliseconds."", ""planning_ms"": ""Legacy planning latency field in milliseconds."", ""sumo_time"": ""SUMO-measured vehicle travel time in seconds."", ""time_s"": ""Legacy seconds field that was often used for inference or planning time, depending on the script."", ""travel_time"": ""SUMO-measured vehicle travel time in seconds in the current app pipeline."", ""true_travel_time"": ""Legacy analytical proxy from evaluate.py rather than a live SUMO trip duration.""}, ""num_eval_seeds"": 1, ""planning_time_definition"": ""Planning Time (s) = model inference time + route solving time only. It excludes SUMO startup, warm-up, simulation stepping, and live vehicle travel."", ""reroute_period"": 60, ""reroute_trigger_mode"": ""periodic"", ""simulation_seed_policy"": ""scene_profile_fixed_seed_single_run"", ""travel_time_definition"": ""Travel Time (s) = SUMO trip duration for the evaluated vehicle only, measured from vehicle depart to vehicle arrival inside the simulator."", ""vehicle_depart_window"": [180, 180], ""warmup_seconds"": 180}",旧规则权重生成保持不变，仅切换为 scene-profile-fixed live SUMO 协议。
场景D 中央核心节点封锁,D,core_blockage,Rule-A*,R0C0_E,R4C3_E,1277.5,912.42,900.3,3,True,False,arrived,1517.5,,0.000331,0.0,0.000331,37.5,91.7,88,96,100.0,8,8,17.6,303,240,240,2400,sha256:012f7472d50a,False,,"{""evaluation_end_time"": 2400, ""evaluation_start_time"": 240, ""legacy_field_mapping"": {""infer_time"": ""model_infer_time_s"", ""plan_ms"": ""planning_time_ms"", ""planning_ms"": ""planning_time_ms"", ""sumo_time"": ""travel_time_s"", ""time_s"": ""planning_time_s"", ""travel_time"": ""travel_time_s"", ""true_travel_time"": ""analytical_travel_time_s_legacy""}, ""legacy_field_notes"": {""infer_time"": ""Model inference-only time; this is a subcomponent of planning time, not travel time."", ""plan_ms"": ""Legacy planning latency field in milliseconds."", ""planning_ms"": ""Legacy planning latency field in milliseconds."", ""sumo_time"": ""SUMO-measured vehicle travel time in seconds."", ""time_s"": ""Legacy seconds field that was often used for inference or planning time, depending on the script."", ""travel_time"": ""SUMO-measured vehicle travel time in seconds in the current app pipeline."", ""true_travel_time"": ""Legacy analytical proxy from evaluate.py rather than a live SUMO trip duration.""}, ""num_eval_seeds"": 1, ""planning_time_definition"": ""Planning Time (s) = model inference time + route solving time only. It excludes SUMO startup, warm-up, simulation stepping, and live vehicle travel."", ""reroute_period"": 60, ""reroute_trigger_mode"": ""periodic"", ""simulation_seed_policy"": ""scene_profile_fixed_seed_single_run"", ""travel_time_definition"": ""Travel Time (s) = SUMO trip duration for the evaluated vehicle only, measured from vehicle depart to vehicle arrival inside the simulator."", ""vehicle_depart_window"": [240, 240], ""warmup_seconds"": 240}",旧规则权重生成保持不变，仅切换为 scene-profile-fixed live SUMO 协议。
场景G 传播范围外溢,G,propagation_range,Rule-A*,R0C0_E,C4R3_N,1219.9,912.91,900.3,3,True,False,arrived,1459.9,,0.000327,0.0,0.000327,50.0,91.7,88,96,100.0,8,8,17.6,404,240,240,2400,sha256:012f7472d50a,False,,"{""evaluation_end_time"": 2400, ""evaluation_start_time"": 240, ""legacy_field_mapping"": {""infer_time"": ""model_infer_time_s"", ""plan_ms"": ""planning_time_ms"", ""planning_ms"": ""planning_time_ms"", ""sumo_time"": ""travel_time_s"", ""time_s"": ""planning_time_s"", ""travel_time"": ""travel_time_s"", ""true_travel_time"": ""analytical_travel_time_s_legacy""}, ""legacy_field_notes"": {""infer_time"": ""Model inference-only time; this is a subcomponent of planning time, not travel time."", ""plan_ms"": ""Legacy planning latency field in milliseconds."", ""planning_ms"": ""Legacy planning latency field in milliseconds."", ""sumo_time"": ""SUMO-measured vehicle travel time in seconds."", ""time_s"": ""Legacy seconds field that was often used for inference or planning time, depending on the script."", ""travel_time"": ""SUMO-measured vehicle travel time in seconds in the current app pipeline."", ""true_travel_time"": ""Legacy analytical proxy from evaluate.py rather than a live SUMO trip duration.""}, ""num_eval_seeds"": 1, ""planning_time_definition"": ""Planning Time (s) = model inference time + route solving time only. It excludes SUMO startup, warm-up, simulation stepping, and live vehicle travel."", ""reroute_period"": 45, ""reroute_trigger_mode"": ""periodic"", ""simulation_seed_policy"": ""scene_profile_fixed_seed_single_run"", ""travel_time_definition"": ""Travel Time (s) = SUMO trip duration for the evaluated vehicle only, measured from vehicle depart to vehicle arrival inside the simulator."", ""vehicle_depart_window"": [240, 240], ""warmup_seconds"": 240}",旧规则权重生成保持不变，仅切换为 scene-profile-fixed live SUMO 协议。
场景C 多路段复合拥堵,C,compound_disaster,Rule-A*,R0C0_E,R3C4_E,2153.0,1802.85,1782.0,6,True,False,arrived,2453.0,,0.000634,0.0,0.000634,45.45,91.7,88,96,100.0,8,8,17.2,505,300,300,2700,sha256:012f7472d50a,False,,"{""evaluation_end_time"": 2700, ""evaluation_start_time"": 300, ""legacy_field_mapping"": {""infer_time"": ""model_infer_time_s"", ""plan_ms"": ""planning_time_ms"", ""planning_ms"": ""planning_time_ms"", ""sumo_time"": ""travel_time_s"", ""time_s"": ""planning_time_s"", ""travel_time"": ""travel_time_s"", ""true_travel_time"": ""analytical_travel_time_s_legacy""}, ""legacy_field_notes"": {""infer_time"": ""Model inference-only time; this is a subcomponent of planning time, not travel time."", ""plan_ms"": ""Legacy planning latency field in milliseconds."", ""planning_ms"": ""Legacy planning latency field in milliseconds."", ""sumo_time"": ""SUMO-measured vehicle travel time in seconds."", ""time_s"": ""Legacy seconds field that was often used for inference or planning time, depending on the script."", ""travel_time"": ""SUMO-measured vehicle travel time in seconds in the current app pipeline."", ""true_travel_time"": ""Legacy analytical proxy from evaluate.py rather than a live SUMO trip duration.""}, ""num_eval_seeds"": 1, ""planning_time_definition"": ""Planning Time (s) = model inference time + route solving time only. It excludes SUMO startup, warm-up, simulation stepping, and live vehicle travel."", ""reroute_period"": 30, ""reroute_trigger_mode"": ""periodic"", ""simulation_seed_policy"": ""scene_profile_fixed_seed_single_run"", ""travel_time_definition"": ""Travel Time (s) = SUMO trip duration for the evaluated vehicle only, measured from vehicle depart to vehicle arrival inside the simulator."", ""vehicle_depart_window"": [300, 300], ""warmup_seconds"": 300}",旧规则权重生成保持不变，仅切换为 scene-profile-fixed live SUMO 协议。
场景N normal_baseline 正常通行,N,normal_baseline,DQN,R3C0_E,R3C4_E,1280.0,483.64,387.9,14,True,False,arrived,1400.0,,0.031674,0.0,0.031674,100.0,91.7,88,96,100.0,8,18,36.4,101,120,120,1800,sha256:012f7472d50a,False,,"{""evaluation_end_time"": 1800, ""evaluation_start_time"": 120, ""legacy_field_mapping"": {""infer_time"": ""model_infer_time_s"", ""plan_ms"": ""planning_time_ms"", ""planning_ms"": ""planning_time_ms"", ""sumo_time"": ""travel_time_s"", ""time_s"": ""planning_time_s"", ""travel_time"": ""travel_time_s"", ""true_travel_time"": ""analytical_travel_time_s_legacy""}, ""legacy_field_notes"": {""infer_time"": ""Model inference-only time; this is a subcomponent of planning time, not travel time."", ""plan_ms"": ""Legacy planning latency field in milliseconds."", ""planning_ms"": ""Legacy planning latency field in milliseconds."", ""sumo_time"": ""SUMO-measured vehicle travel time in seconds."", ""time_s"": ""Legacy seconds field that was often used for inference or planning time, depending on the script."", ""travel_time"": ""SUMO-measured vehicle travel time in seconds in the current app pipeline."", ""true_travel_time"": ""Legacy analytical proxy from evaluate.py rather than a live SUMO trip duration.""}, ""num_eval_seeds"": 1, ""planning_time_definition"": ""Planning Time (s) = model inference time + route solving time only. It excludes SUMO startup, warm-up, simulation stepping, and live vehicle travel."", ""reroute_period"": 60, ""reroute_trigger_mode"": ""periodic"", ""simulation_seed_policy"": ""scene_profile_fixed_seed_single_run"", ""travel_time_definition"": ""Travel Time (s) = SUMO trip duration for the evaluated vehicle only, measured from vehicle depart to vehicle arrival inside the simulator."", ""vehicle_depart_window"": [120, 120], ""warmup_seconds"": 120}",轻量 DQN baseline，按当前脚本固定 seed 逐场景训练并走 live SUMO 评测。
场景A 黄河路单向拥堵,A,simple_local,DQN,R3C0_E,R3C4_E,906.8,292.06,239.8,9,True,False,arrived,1086.8,,0.037229,0.0,0.037229,100.0,91.7,88,96,100.0,8,14,32.6,111,180,180,2100,sha256:012f7472d50a,False,,"{""evaluation_end_time"": 2100, ""evaluation_start_time"": 180, ""legacy_field_mapping"": {""infer_time"": ""model_infer_time_s"", ""plan_ms"": ""planning_time_ms"", ""planning_ms"": ""planning_time_ms"", ""sumo_time"": ""travel_time_s"", ""time_s"": ""planning_time_s"", ""travel_time"": ""travel_time_s"", ""true_travel_time"": ""analytical_travel_time_s_legacy""}, ""legacy_field_notes"": {""infer_time"": ""Model inference-only time; this is a subcomponent of planning time, not travel time."", ""plan_ms"": ""Legacy planning latency field in milliseconds."", ""planning_ms"": ""Legacy planning latency field in milliseconds."", ""sumo_time"": ""SUMO-measured vehicle travel time in seconds."", ""time_s"": ""Legacy seconds field that was often used for inference or planning time, depending on the script."", ""travel_time"": ""SUMO-measured vehicle travel time in seconds in the current app pipeline."", ""true_travel_time"": ""Legacy analytical proxy from evaluate.py rather than a live SUMO trip duration.""}, ""num_eval_seeds"": 1, ""planning_time_definition"": ""Planning Time (s) = model inference time + route solving time only. It excludes SUMO startup, warm-up, simulation stepping, and live vehicle travel."", ""reroute_period"": 60, ""reroute_trigger_mode"": ""periodic"", ""simulation_seed_policy"": ""scene_profile_fixed_seed_single_run"", ""travel_time_definition"": ""Travel Time (s) = SUMO trip duration for the evaluated vehicle only, measured from vehicle depart to vehicle arrival inside the simulator."", ""vehicle_depart_window"": [180, 180], ""warmup_seconds"": 180}",轻量 DQN baseline，按当前脚本固定 seed 逐场景训练并走 live SUMO 评测。
场景E 方向不对称拥堵,E,directional_asymmetry,DQN,R4C0_E,R4C4_E,1872.3,919.21,900.3,3,True,False,arrived,2052.3,,0.040669,0.0,0.040669,85.71,91.7,88,96,100.0,8,15,33.7,202,180,180,2100,sha256:012f7472d50a,False,,"{""evaluation_end_time"": 2100, ""evaluation_start_time"": 180, ""legacy_field_mapping"": {""infer_time"": ""model_infer_time_s"", ""plan_ms"": ""planning_time_ms"", ""planning_ms"": ""planning_time_ms"", ""sumo_time"": ""travel_time_s"", ""time_s"": ""planning_time_s"", ""travel_time"": ""travel_time_s"", ""true_travel_time"": ""analytical_travel_time_s_legacy""}, ""legacy_field_notes"": {""infer_time"": ""Model inference-only time; this is a subcomponent of planning time, not travel time."", ""plan_ms"": ""Legacy planning latency field in milliseconds."", ""planning_ms"": ""Legacy planning latency field in milliseconds."", ""sumo_time"": ""SUMO-measured vehicle travel time in seconds."", ""time_s"": ""Legacy seconds field that was often used for inference or planning time, depending on the script."", ""travel_time"": ""SUMO-measured vehicle travel time in seconds in the current app pipeline."", ""true_travel_time"": ""Legacy analytical proxy from evaluate.py rather than a live SUMO trip duration.""}, ""num_eval_seeds"": 1, ""planning_time_definition"": ""Planning Time (s) = model inference time + route solving time only. It excludes SUMO startup, warm-up, simulation stepping, and live vehicle travel."", ""reroute_period"": 60, ""reroute_trigger_mode"": ""periodic"", ""simulation_seed_policy"": ""scene_profile_fixed_seed_single_run"", ""travel_time_definition"": ""Travel Time (s) = SUMO trip duration for the evaluated vehicle only, measured from vehicle depart to vehicle arrival inside the simulator."", ""vehicle_depart_window"": [180, 180], ""warmup_seconds"": 180}",轻量 DQN baseline，按当前脚本固定 seed 逐场景训练并走 live SUMO 评测。
场景D 中央核心节点封锁,D,core_blockage,DQN,R0C0_E,R4C3_E,2160.1,1786.84,1768.1,6,False,True,truncated_at_evaluation_end,-1.0,end,0.02383,0.0,0.02383,37.5,91.7,88,96,100.0,8,9,17.5,303,240,240,2400,sha256:012f7472d50a,False,,"{""evaluation_end_time"": 2400, ""evaluation_start_time"": 240, ""legacy_field_mapping"": {""infer_time"": ""model_infer_time_s"", ""plan_ms"": ""planning_time_ms"", ""planning_ms"": ""planning_time_ms"", ""sumo_time"": ""travel_time_s"", ""time_s"": ""planning_time_s"", ""travel_time"": ""travel_time_s"", ""true_travel_time"": ""analytical_travel_time_s_legacy""}, ""legacy_field_notes"": {""infer_time"": ""Model inference-only time; this is a subcomponent of planning time, not travel time."", ""plan_ms"": ""Legacy planning latency field in milliseconds."", ""planning_ms"": ""Legacy planning latency field in milliseconds."", ""sumo_time"": ""SUMO-measured vehicle travel time in seconds."", ""time_s"": ""Legacy seconds field that was often used for inference or planning time, depending on the script."", ""travel_time"": ""SUMO-measured vehicle travel time in seconds in the current app pipeline."", ""true_travel_time"": ""Legacy analytical proxy from evaluate.py rather than a live SUMO trip duration.""}, ""num_eval_seeds"": 1, ""planning_time_definition"": ""Planning Time (s) = model inference time + route solving time only. It excludes SUMO startup, warm-up, simulation stepping, and live vehicle travel."", ""reroute_period"": 60, ""reroute_trigger_mode"": ""periodic"", ""simulation_seed_policy"": ""scene_profile_fixed_seed_single_run"", ""travel_time_definition"": ""Travel Time (s) = SUMO trip duration for the evaluated vehicle only, measured from vehicle depart to vehicle arrival inside the simulator."", ""vehicle_depart_window"": [240, 240], ""warmup_seconds"": 240}",轻量 DQN baseline，按当前脚本固定 seed 逐场景训练并走 live SUMO 评测。
场景G 传播范围外溢,G,propagation_range,DQN,R0C0_E,C4R3_N,2160.1,1808.86,1790.2,6,False,True,truncated_at_evaluation_end,-1.0,end,0.032926,0.0,0.032926,50.0,91.7,88,96,100.0,8,24,54.1,404,240,240,2400,sha256:012f7472d50a,False,,"{""evaluation_end_time"": 2400, ""evaluation_start_time"": 240, ""legacy_field_mapping"": {""infer_time"": ""model_infer_time_s"", ""plan_ms"": ""planning_time_ms"", ""planning_ms"": ""planning_time_ms"", ""sumo_time"": ""travel_time_s"", ""time_s"": ""planning_time_s"", ""travel_time"": ""travel_time_s"", ""true_travel_time"": ""analytical_travel_time_s_legacy""}, ""legacy_field_notes"": {""infer_time"": ""Model inference-only time; this is a subcomponent of planning time, not travel time."", ""plan_ms"": ""Legacy planning latency field in milliseconds."", ""planning_ms"": ""Legacy planning latency field in milliseconds."", ""sumo_time"": ""SUMO-measured vehicle travel time in seconds."", ""time_s"": ""Legacy seconds field that was often used for inference or planning time, depending on the script."", ""travel_time"": ""SUMO-measured vehicle travel time in seconds in the current app pipeline."", ""true_travel_time"": ""Legacy analytical proxy from evaluate.py rather than a live SUMO trip duration.""}, ""num_eval_seeds"": 1, ""planning_time_definition"": ""Planning Time (s) = model inference time + route solving time only. It excludes SUMO startup, warm-up, simulation stepping, and live vehicle travel."", ""reroute_period"": 45, ""reroute_trigger_mode"": ""periodic"", ""simulation_seed_policy"": ""scene_profile_fixed_seed_single_run"", ""travel_time_definition"": ""Travel Time (s) = SUMO trip duration for the evaluated vehicle only, measured from vehicle depart to vehicle arrival inside the simulator."", ""vehicle_depart_window"": [240, 240], ""warmup_seconds"": 240}",轻量 DQN baseline，按当前脚本固定 seed 逐场景训练并走 live SUMO 评测。
场景C 多路段复合拥堵,C,compound_disaster,DQN,R0C0_E,R3C4_E,2400.1,2004.84,1981.0,7,False,True,truncated_at_evaluation_end,-1.0,end,0.033128,0.0,0.033128,45.45,91.7,88,96,100.0,8,24,57.1,505,300,300,2700,sha256:012f7472d50a,False,,"{""evaluation_end_time"": 2700, ""evaluation_start_time"": 300, ""legacy_field_mapping"": {""infer_time"": ""model_infer_time_s"", ""plan_ms"": ""planning_time_ms"", ""planning_ms"": ""planning_time_ms"", ""sumo_time"": ""travel_time_s"", ""time_s"": ""planning_time_s"", ""travel_time"": ""travel_time_s"", ""true_travel_time"": ""analytical_travel_time_s_legacy""}, ""legacy_field_notes"": {""infer_time"": ""Model inference-only time; this is a subcomponent of planning time, not travel time."", ""plan_ms"": ""Legacy planning latency field in milliseconds."", ""planning_ms"": ""Legacy planning latency field in milliseconds."", ""sumo_time"": ""SUMO-measured vehicle travel time in seconds."", ""time_s"": ""Legacy seconds field that was often used for inference or planning time, depending on the script."", ""travel_time"": ""SUMO-measured vehicle travel time in seconds in the current app pipeline."", ""true_travel_time"": ""Legacy analytical proxy from evaluate.py rather than a live SUMO trip duration.""}, ""num_eval_seeds"": 1, ""planning_time_definition"": ""Planning Time (s) = model inference time + route solving time only. It excludes SUMO startup, warm-up, simulation stepping, and live vehicle travel."", ""reroute_period"": 30, ""reroute_trigger_mode"": ""periodic"", ""simulation_seed_policy"": ""scene_profile_fixed_seed_single_run"", ""travel_time_definition"": ""Travel Time (s) = SUMO trip duration for the evaluated vehicle only, measured from vehicle depart to vehicle arrival inside the simulator."", ""vehicle_depart_window"": [300, 300], ""warmup_seconds"": 300}",轻量 DQN baseline，按当前脚本固定 seed 逐场景训练并走 live SUMO 评测。
场景N normal_baseline 正常通行,N,normal_baseline,GCN-Weight,R3C0_E,R3C4_E,236.0,40.33,23.5,2,True,False,arrived,356.0,,0.000446,0.0,0.000446,100.0,70.8,68,96,100.0,28,5,10.7,101,120,120,1800,sha256:012f7472d50a,False,,"{""evaluation_end_time"": 1800, ""evaluation_start_time"": 120, ""legacy_field_mapping"": {""infer_time"": ""model_infer_time_s"", ""plan_ms"": ""planning_time_ms"", ""planning_ms"": ""planning_time_ms"", ""sumo_time"": ""travel_time_s"", ""time_s"": ""planning_time_s"", ""travel_time"": ""travel_time_s"", ""true_travel_time"": ""analytical_travel_time_s_legacy""}, ""legacy_field_notes"": {""infer_time"": ""Model inference-only time; this is a subcomponent of planning time, not travel time."", ""plan_ms"": ""Legacy planning latency field in milliseconds."", ""planning_ms"": ""Legacy planning latency field in milliseconds."", ""sumo_time"": ""SUMO-measured vehicle travel time in seconds."", ""time_s"": ""Legacy seconds field that was often used for inference or planning time, depending on the script."", ""travel_time"": ""SUMO-measured vehicle travel time in seconds in the current app pipeline."", ""true_travel_time"": ""Legacy analytical proxy from evaluate.py rather than a live SUMO trip duration.""}, ""num_eval_seeds"": 1, ""planning_time_definition"": ""Planning Time (s) = model inference time + route solving time only. It excludes SUMO startup, warm-up, simulation stepping, and live vehicle travel."", ""reroute_period"": 60, ""reroute_trigger_mode"": ""periodic"", ""simulation_seed_policy"": ""scene_profile_fixed_seed_single_run"", ""travel_time_definition"": ""Travel Time (s) = SUMO trip duration for the evaluated vehicle only, measured from vehicle depart to vehicle arrival inside the simulator."", ""vehicle_depart_window"": [120, 120], ""warmup_seconds"": 120}",轻量图特征权重估计 baseline，走 scene-profile-fixed live SUMO 评测。
场景A 黄河路单向拥堵,A,simple_local,GCN-Weight,R3C0_E,R3C4_E,706.8,416.15,395.0,4,True,False,arrived,886.8,,0.001049,0.0,0.001049,100.0,72.9,70,96,100.0,26,6,16.4,111,180,180,2100,sha256:012f7472d50a,False,,"{""evaluation_end_time"": 2100, ""evaluation_start_time"": 180, ""legacy_field_mapping"": {""infer_time"": ""model_infer_time_s"", ""plan_ms"": ""planning_time_ms"", ""planning_ms"": ""planning_time_ms"", ""sumo_time"": ""travel_time_s"", ""time_s"": ""planning_time_s"", ""travel_time"": ""travel_time_s"", ""true_travel_time"": ""analytical_travel_time_s_legacy""}, ""legacy_field_notes"": {""infer_time"": ""Model inference-only time; this is a subcomponent of planning time, not travel time."", ""plan_ms"": ""Legacy planning latency field in milliseconds."", ""planning_ms"": ""Legacy planning latency field in milliseconds."", ""sumo_time"": ""SUMO-measured vehicle travel time in seconds."", ""time_s"": ""Legacy seconds field that was often used for inference or planning time, depending on the script."", ""travel_time"": ""SUMO-measured vehicle travel time in seconds in the current app pipeline."", ""true_travel_time"": ""Legacy analytical proxy from evaluate.py rather than a live SUMO trip duration.""}, ""num_eval_seeds"": 1, ""planning_time_definition"": ""Planning Time (s) = model inference time + route solving time only. It excludes SUMO startup, warm-up, simulation stepping, and live vehicle travel."", ""reroute_period"": 60, ""reroute_trigger_mode"": ""periodic"", ""simulation_seed_policy"": ""scene_profile_fixed_seed_single_run"", ""travel_time_definition"": ""Travel Time (s) = SUMO trip duration for the evaluated vehicle only, measured from vehicle depart to vehicle arrival inside the simulator."", ""vehicle_depart_window"": [180, 180], ""warmup_seconds"": 180}",轻量图特征权重估计 baseline，走 scene-profile-fixed live SUMO 评测。
场景E 方向不对称拥堵,E,directional_asymmetry,GCN-Weight,R4C0_E,R4C4_E,1336.7,913.45,900.3,3,True,False,arrived,1516.7,,0.00099,0.0,0.00099,71.43,70.8,68,96,100.0,28,6,17.45,202,180,180,2100,sha256:012f7472d50a,False,,"{""evaluation_end_time"": 2100, ""evaluation_start_time"": 180, ""legacy_field_mapping"": {""infer_time"": ""model_infer_time_s"", ""plan_ms"": ""planning_time_ms"", ""planning_ms"": ""planning_time_ms"", ""sumo_time"": ""travel_time_s"", ""time_s"": ""planning_time_s"", ""travel_time"": ""travel_time_s"", ""true_travel_time"": ""analytical_travel_time_s_legacy""}, ""legacy_field_notes"": {""infer_time"": ""Model inference-only time; this is a subcomponent of planning time, not travel time."", ""plan_ms"": ""Legacy planning latency field in milliseconds."", ""planning_ms"": ""Legacy planning latency field in milliseconds."", ""sumo_time"": ""SUMO-measured vehicle travel time in seconds."", ""time_s"": ""Legacy seconds field that was often used for inference or planning time, depending on the script."", ""travel_time"": ""SUMO-measured vehicle travel time in seconds in the current app pipeline."", ""true_travel_time"": ""Legacy analytical proxy from evaluate.py rather than a live SUMO trip duration.""}, ""num_eval_seeds"": 1, ""planning_time_definition"": ""Planning Time (s) = model inference time + route solving time only. It excludes SUMO startup, warm-up, simulation stepping, and live vehicle travel."", ""reroute_period"": 60, ""reroute_trigger_mode"": ""periodic"", ""simulation_seed_policy"": ""scene_profile_fixed_seed_single_run"", ""travel_time_definition"": ""Travel Time (s) = SUMO trip duration for the evaluated vehicle only, measured from vehicle depart to vehicle arrival inside the simulator."", ""vehicle_depart_window"": [180, 180], ""warmup_seconds"": 180}",轻量图特征权重估计 baseline，走 scene-profile-fixed live SUMO 评测。
场景D 中央核心节点封锁,D,core_blockage,GCN-Weight,R0C0_E,R4C3_E,2114.0,1764.04,1738.7,6,True,False,arrived,2354.0,,0.000506,0.0,0.000506,37.5,72.9,70,96,100.0,26,8,15.95,303,240,240,2400,sha256:012f7472d50a,False,,"{""evaluation_end_time"": 2400, ""evaluation_start_time"": 240, ""legacy_field_mapping"": {""infer_time"": ""model_infer_time_s"", ""plan_ms"": ""planning_time_ms"", ""planning_ms"": ""planning_time_ms"", ""sumo_time"": ""travel_time_s"", ""time_s"": ""planning_time_s"", ""travel_time"": ""travel_time_s"", ""true_travel_time"": ""analytical_travel_time_s_legacy""}, ""legacy_field_notes"": {""infer_time"": ""Model inference-only time; this is a subcomponent of planning time, not travel time."", ""plan_ms"": ""Legacy planning latency field in milliseconds."", ""planning_ms"": ""Legacy planning latency field in milliseconds."", ""sumo_time"": ""SUMO-measured vehicle travel time in seconds."", ""time_s"": ""Legacy seconds field that was often used for inference or planning time, depending on the script."", ""travel_time"": ""SUMO-measured vehicle travel time in seconds in the current app pipeline."", ""true_travel_time"": ""Legacy analytical proxy from evaluate.py rather than a live SUMO trip duration.""}, ""num_eval_seeds"": 1, ""planning_time_definition"": ""Planning Time (s) = model inference time + route solving time only. It excludes SUMO startup, warm-up, simulation stepping, and live vehicle travel."", ""reroute_period"": 60, ""reroute_trigger_mode"": ""periodic"", ""simulation_seed_policy"": ""scene_profile_fixed_seed_single_run"", ""travel_time_definition"": ""Travel Time (s) = SUMO trip duration for the evaluated vehicle only, measured from vehicle depart to vehicle arrival inside the simulator."", ""vehicle_depart_window"": [240, 240], ""warmup_seconds"": 240}",轻量图特征权重估计 baseline，走 scene-profile-fixed live SUMO 评测。
场景G 传播范围外溢,G,propagation_range,GCN-Weight,R0C0_E,C4R3_N,2160.1,1879.27,1861.8,7,False,True,truncated_at_evaluation_end,-1.0,end,0.001095,0.0,0.001095,16.67,70.8,68,96,100.0,28,8,15.95,404,240,240,2400,sha256:012f7472d50a,False,,"{""evaluation_end_time"": 2400, ""evaluation_start_time"": 240, ""legacy_field_mapping"": {""infer_time"": ""model_infer_time_s"", ""plan_ms"": ""planning_time_ms"", ""planning_ms"": ""planning_time_ms"", ""sumo_time"": ""travel_time_s"", ""time_s"": ""planning_time_s"", ""travel_time"": ""travel_time_s"", ""true_travel_time"": ""analytical_travel_time_s_legacy""}, ""legacy_field_notes"": {""infer_time"": ""Model inference-only time; this is a subcomponent of planning time, not travel time."", ""plan_ms"": ""Legacy planning latency field in milliseconds."", ""planning_ms"": ""Legacy planning latency field in milliseconds."", ""sumo_time"": ""SUMO-measured vehicle travel time in seconds."", ""time_s"": ""Legacy seconds field that was often used for inference or planning time, depending on the script."", ""travel_time"": ""SUMO-measured vehicle travel time in seconds in the current app pipeline."", ""true_travel_time"": ""Legacy analytical proxy from evaluate.py rather than a live SUMO trip duration.""}, ""num_eval_seeds"": 1, ""planning_time_definition"": ""Planning Time (s) = model inference time + route solving time only. It excludes SUMO startup, warm-up, simulation stepping, and live vehicle travel."", ""reroute_period"": 45, ""reroute_trigger_mode"": ""periodic"", ""simulation_seed_policy"": ""scene_profile_fixed_seed_single_run"", ""travel_time_definition"": ""Travel Time (s) = SUMO trip duration for the evaluated vehicle only, measured from vehicle depart to vehicle arrival inside the simulator."", ""vehicle_depart_window"": [240, 240], ""warmup_seconds"": 240}",轻量图特征权重估计 baseline，走 scene-profile-fixed live SUMO 评测。
场景C 多路段复合拥堵,C,compound_disaster,GCN-Weight,R0C0_E,R3C4_E,2277.8,1941.17,1891.6,8,True,False,arrived,2577.8,,0.001048,0.0,0.001048,18.18,72.9,70,96,100.0,26,8,14.75,505,300,300,2700,sha256:012f7472d50a,False,,"{""evaluation_end_time"": 2700, ""evaluation_start_time"": 300, ""legacy_field_mapping"": {""infer_time"": ""model_infer_time_s"", ""plan_ms"": ""planning_time_ms"", ""planning_ms"": ""planning_time_ms"", ""sumo_time"": ""travel_time_s"", ""time_s"": ""planning_time_s"", ""travel_time"": ""travel_time_s"", ""true_travel_time"": ""analytical_travel_time_s_legacy""}, ""legacy_field_notes"": {""infer_time"": ""Model inference-only time; this is a subcomponent of planning time, not travel time."", ""plan_ms"": ""Legacy planning latency field in milliseconds."", ""planning_ms"": ""Legacy planning latency field in milliseconds."", ""sumo_time"": ""SUMO-measured vehicle travel time in seconds."", ""time_s"": ""Legacy seconds field that was often used for inference or planning time, depending on the script."", ""travel_time"": ""SUMO-measured vehicle travel time in seconds in the current app pipeline."", ""true_travel_time"": ""Legacy analytical proxy from evaluate.py rather than a live SUMO trip duration.""}, ""num_eval_seeds"": 1, ""planning_time_definition"": ""Planning Time (s) = model inference time + route solving time only. It excludes SUMO startup, warm-up, simulation stepping, and live vehicle travel."", ""reroute_period"": 30, ""reroute_trigger_mode"": ""periodic"", ""simulation_seed_policy"": ""scene_profile_fixed_seed_single_run"", ""travel_time_definition"": ""Travel Time (s) = SUMO trip duration for the evaluated vehicle only, measured from vehicle depart to vehicle arrival inside the simulator."", ""vehicle_depart_window"": [300, 300], ""warmup_seconds"": 300}",轻量图特征权重估计 baseline，走 scene-profile-fixed live SUMO 评测。
场景N normal_baseline 正常通行,N,normal_baseline,Sparse-LoRA,R3C0_E,R3C4_E,198.7,40.18,23.5,2,True,False,arrived,318.7,,1.108443,1.108287,0.000156,100.0,0.0,0,0,0.0,96,4,171.29271,101,120,120,1800,sha256:012f7472d50a,False,/root/autodl-tmp/model_merged_sparse_v2_stage4_fix,"{""evaluation_end_time"": 1800, ""evaluation_start_time"": 120, ""legacy_field_mapping"": {""infer_time"": ""model_infer_time_s"", ""plan_ms"": ""planning_time_ms"", ""planning_ms"": ""planning_time_ms"", ""sumo_time"": ""travel_time_s"", ""time_s"": ""planning_time_s"", ""travel_time"": ""travel_time_s"", ""true_travel_time"": ""analytical_travel_time_s_legacy""}, ""legacy_field_notes"": {""infer_time"": ""Model inference-only time; this is a subcomponent of planning time, not travel time."", ""plan_ms"": ""Legacy planning latency field in milliseconds."", ""planning_ms"": ""Legacy planning latency field in milliseconds."", ""sumo_time"": ""SUMO-measured vehicle travel time in seconds."", ""time_s"": ""Legacy seconds field that was often used for inference or planning time, depending on the script."", ""travel_time"": ""SUMO-measured vehicle travel time in seconds in the current app pipeline."", ""true_travel_time"": ""Legacy analytical proxy from evaluate.py rather than a live SUMO trip duration.""}, ""num_eval_seeds"": 1, ""planning_time_definition"": ""Planning Time (s) = model inference time + route solving time only. It excludes SUMO startup, warm-up, simulation stepping, and live vehicle travel."", ""reroute_period"": 60, ""reroute_trigger_mode"": ""periodic"", ""simulation_seed_policy"": ""scene_profile_fixed_seed_single_run"", ""travel_time_definition"": ""Travel Time (s) = SUMO trip duration for the evaluated vehicle only, measured from vehicle depart to vehicle arrival inside the simulator."", ""vehicle_depart_window"": [120, 120], ""warmup_seconds"": 120}",model_merged_sparse_v2_stage4_fix 主链路，A* + live SUMO。
场景A 黄河路单向拥堵,A,simple_local,Sparse-LoRA,R3C0_E,R3C4_E,318.6,101.32,81.4,3,True,False,arrived,498.6,,1.137207,1.137068,0.000139,50.0,1.0,1,1,1.0,95,4,250.76585,111,180,180,2100,sha256:012f7472d50a,False,/root/autodl-tmp/model_merged_sparse_v2_stage4_fix,"{""evaluation_end_time"": 2100, ""evaluation_start_time"": 180, ""legacy_field_mapping"": {""infer_time"": ""model_infer_time_s"", ""plan_ms"": ""planning_time_ms"", ""planning_ms"": ""planning_time_ms"", ""sumo_time"": ""travel_time_s"", ""time_s"": ""planning_time_s"", ""travel_time"": ""travel_time_s"", ""true_travel_time"": ""analytical_travel_time_s_legacy""}, ""legacy_field_notes"": {""infer_time"": ""Model inference-only time; this is a subcomponent of planning time, not travel time."", ""plan_ms"": ""Legacy planning latency field in milliseconds."", ""planning_ms"": ""Legacy planning latency field in milliseconds."", ""sumo_time"": ""SUMO-measured vehicle travel time in seconds."", ""time_s"": ""Legacy seconds field that was often used for inference or planning time, depending on the script."", ""travel_time"": ""SUMO-measured vehicle travel time in seconds in the current app pipeline."", ""true_travel_time"": ""Legacy analytical proxy from evaluate.py rather than a live SUMO trip duration.""}, ""num_eval_seeds"": 1, ""planning_time_definition"": ""Planning Time (s) = model inference time + route solving time only. It excludes SUMO startup, warm-up, simulation stepping, and live vehicle travel."", ""reroute_period"": 60, ""reroute_trigger_mode"": ""periodic"", ""simulation_seed_policy"": ""scene_profile_fixed_seed_single_run"", ""travel_time_definition"": ""Travel Time (s) = SUMO trip duration for the evaluated vehicle only, measured from vehicle depart to vehicle arrival inside the simulator."", ""vehicle_depart_window"": [180, 180], ""warmup_seconds"": 180}",model_merged_sparse_v2_stage4_fix 主链路，A* + live SUMO。
场景E 方向不对称拥堵,E,directional_asymmetry,Sparse-LoRA,R4C0_E,R4C4_E,1335.4,913.44,900.3,3,True,False,arrived,1515.4,,1.471318,1.471146,0.000172,85.71,8.3,8,8,8.3,88,6,327.206971,202,180,180,2100,sha256:012f7472d50a,False,/root/autodl-tmp/model_merged_sparse_v2_stage4_fix,"{""evaluation_end_time"": 2100, ""evaluation_start_time"": 180, ""legacy_field_mapping"": {""infer_time"": ""model_infer_time_s"", ""plan_ms"": ""planning_time_ms"", ""planning_ms"": ""planning_time_ms"", ""sumo_time"": ""travel_time_s"", ""time_s"": ""planning_time_s"", ""travel_time"": ""travel_time_s"", ""true_travel_time"": ""analytical_travel_time_s_legacy""}, ""legacy_field_notes"": {""infer_time"": ""Model inference-only time; this is a subcomponent of planning time, not travel time."", ""plan_ms"": ""Legacy planning latency field in milliseconds."", ""planning_ms"": ""Legacy planning latency field in milliseconds."", ""sumo_time"": ""SUMO-measured vehicle travel time in seconds."", ""time_s"": ""Legacy seconds field that was often used for inference or planning time, depending on the script."", ""travel_time"": ""SUMO-measured vehicle travel time in seconds in the current app pipeline."", ""true_travel_time"": ""Legacy analytical proxy from evaluate.py rather than a live SUMO trip duration.""}, ""num_eval_seeds"": 1, ""planning_time_definition"": ""Planning Time (s) = model inference time + route solving time only. It excludes SUMO startup, warm-up, simulation stepping, and live vehicle travel."", ""reroute_period"": 60, ""reroute_trigger_mode"": ""periodic"", ""simulation_seed_policy"": ""scene_profile_fixed_seed_single_run"", ""travel_time_definition"": ""Travel Time (s) = SUMO trip duration for the evaluated vehicle only, measured from vehicle depart to vehicle arrival inside the simulator."", ""vehicle_depart_window"": [180, 180], ""warmup_seconds"": 180}",model_merged_sparse_v2_stage4_fix 主链路，A* + live SUMO。
场景D 中央核心节点封锁,D,core_blockage,Sparse-LoRA,R0C0_E,R4C3_E,1511.0,1215.0,1200.4,4,True,False,arrived,1751.0,,1.864474,1.864234,0.000239,37.5,25.0,24,24,25.0,72,7,668.102323,303,240,240,2400,sha256:012f7472d50a,False,/root/autodl-tmp/model_merged_sparse_v2_stage4_fix,"{""evaluation_end_time"": 2400, ""evaluation_start_time"": 240, ""legacy_field_mapping"": {""infer_time"": ""model_infer_time_s"", ""plan_ms"": ""planning_time_ms"", ""planning_ms"": ""planning_time_ms"", ""sumo_time"": ""travel_time_s"", ""time_s"": ""planning_time_s"", ""travel_time"": ""travel_time_s"", ""true_travel_time"": ""analytical_travel_time_s_legacy""}, ""legacy_field_notes"": {""infer_time"": ""Model inference-only time; this is a subcomponent of planning time, not travel time."", ""plan_ms"": ""Legacy planning latency field in milliseconds."", ""planning_ms"": ""Legacy planning latency field in milliseconds."", ""sumo_time"": ""SUMO-measured vehicle travel time in seconds."", ""time_s"": ""Legacy seconds field that was often used for inference or planning time, depending on the script."", ""travel_time"": ""SUMO-measured vehicle travel time in seconds in the current app pipeline."", ""true_travel_time"": ""Legacy analytical proxy from evaluate.py rather than a live SUMO trip duration.""}, ""num_eval_seeds"": 1, ""planning_time_definition"": ""Planning Time (s) = model inference time + route solving time only. It excludes SUMO startup, warm-up, simulation stepping, and live vehicle travel."", ""reroute_period"": 60, ""reroute_trigger_mode"": ""periodic"", ""simulation_seed_policy"": ""scene_profile_fixed_seed_single_run"", ""travel_time_definition"": ""Travel Time (s) = SUMO trip duration for the evaluated vehicle only, measured from vehicle depart to vehicle arrival inside the simulator."", ""vehicle_depart_window"": [240, 240], ""warmup_seconds"": 240}",model_merged_sparse_v2_stage4_fix 主链路，A* + live SUMO。
场景G 传播范围外溢,G,propagation_range,Sparse-LoRA,R0C0_E,C4R3_N,1780.2,1516.31,1500.5,5,True,False,arrived,2020.2,,1.101125,1.100876,0.000249,66.67,3.1,3,3,3.1,93,7,295.321121,404,240,240,2400,sha256:012f7472d50a,False,/root/autodl-tmp/model_merged_sparse_v2_stage4_fix,"{""evaluation_end_time"": 2400, ""evaluation_start_time"": 240, ""legacy_field_mapping"": {""infer_time"": ""model_infer_time_s"", ""plan_ms"": ""planning_time_ms"", ""planning_ms"": ""planning_time_ms"", ""sumo_time"": ""travel_time_s"", ""time_s"": ""planning_time_s"", ""travel_time"": ""travel_time_s"", ""true_travel_time"": ""analytical_travel_time_s_legacy""}, ""legacy_field_notes"": {""infer_time"": ""Model inference-only time; this is a subcomponent of planning time, not travel time."", ""plan_ms"": ""Legacy planning latency field in milliseconds."", ""planning_ms"": ""Legacy planning latency field in milliseconds."", ""sumo_time"": ""SUMO-measured vehicle travel time in seconds."", ""time_s"": ""Legacy seconds field that was often used for inference or planning time, depending on the script."", ""travel_time"": ""SUMO-measured vehicle travel time in seconds in the current app pipeline."", ""true_travel_time"": ""Legacy analytical proxy from evaluate.py rather than a live SUMO trip duration.""}, ""num_eval_seeds"": 1, ""planning_time_definition"": ""Planning Time (s) = model inference time + route solving time only. It excludes SUMO startup, warm-up, simulation stepping, and live vehicle travel."", ""reroute_period"": 45, ""reroute_trigger_mode"": ""periodic"", ""simulation_seed_policy"": ""scene_profile_fixed_seed_single_run"", ""travel_time_definition"": ""Travel Time (s) = SUMO trip duration for the evaluated vehicle only, measured from vehicle depart to vehicle arrival inside the simulator."", ""vehicle_depart_window"": [240, 240], ""warmup_seconds"": 240}",model_merged_sparse_v2_stage4_fix 主链路，A* + live SUMO。
场景C 多路段复合拥堵,C,compound_disaster,Sparse-LoRA,R0C0_E,R3C4_E,2400.1,2152.47,2113.2,9,False,True,truncated_at_evaluation_end,-1.0,end,1.38852,1.388278,0.000242,63.64,13.5,13,13,13.5,83,7,295.321121,505,300,300,2700,sha256:012f7472d50a,False,/root/autodl-tmp/model_merged_sparse_v2_stage4_fix,"{""evaluation_end_time"": 2700, ""evaluation_start_time"": 300, ""legacy_field_mapping"": {""infer_time"": ""model_infer_time_s"", ""plan_ms"": ""planning_time_ms"", ""planning_ms"": ""planning_time_ms"", ""sumo_time"": ""travel_time_s"", ""time_s"": ""planning_time_s"", ""travel_time"": ""travel_time_s"", ""true_travel_time"": ""analytical_travel_time_s_legacy""}, ""legacy_field_notes"": {""infer_time"": ""Model inference-only time; this is a subcomponent of planning time, not travel time."", ""plan_ms"": ""Legacy planning latency field in milliseconds."", ""planning_ms"": ""Legacy planning latency field in milliseconds."", ""sumo_time"": ""SUMO-measured vehicle travel time in seconds."", ""time_s"": ""Legacy seconds field that was often used for inference or planning time, depending on the script."", ""travel_time"": ""SUMO-measured vehicle travel time in seconds in the current app pipeline."", ""true_travel_time"": ""Legacy analytical proxy from evaluate.py rather than a live SUMO trip duration.""}, ""num_eval_seeds"": 1, ""planning_time_definition"": ""Planning Time (s) = model inference time + route solving time only. It excludes SUMO startup, warm-up, simulation stepping, and live vehicle travel."", ""reroute_period"": 30, ""reroute_trigger_mode"": ""periodic"", ""simulation_seed_policy"": ""scene_profile_fixed_seed_single_run"", ""travel_time_definition"": ""Travel Time (s) = SUMO trip duration for the evaluated vehicle only, measured from vehicle depart to vehicle arrival inside the simulator."", ""vehicle_depart_window"": [300, 300], ""warmup_seconds"": 300}",model_merged_sparse_v2_stage4_fix 主链路，A* + live SUMO。
场景N normal_baseline 正常通行,N,normal_baseline,Sparse-LoRA+GAT,R3C0_E,R3C4_E,198.7,40.18,23.5,2,True,False,arrived,318.7,,0.727472,0.727331,0.000142,100.0,100.0,96,0,0.0,0,4,173.399432,101,120,120,1800,sha256:012f7472d50a,True,/root/autodl-tmp/model_merged_sparse_v2_stage4_fix,"{""evaluation_end_time"": 1800, ""evaluation_start_time"": 120, ""legacy_field_mapping"": {""infer_time"": ""model_infer_time_s"", ""plan_ms"": ""planning_time_ms"", ""planning_ms"": ""planning_time_ms"", ""sumo_time"": ""travel_time_s"", ""time_s"": ""planning_time_s"", ""travel_time"": ""travel_time_s"", ""true_travel_time"": ""analytical_travel_time_s_legacy""}, ""legacy_field_notes"": {""infer_time"": ""Model inference-only time; this is a subcomponent of planning time, not travel time."", ""plan_ms"": ""Legacy planning latency field in milliseconds."", ""planning_ms"": ""Legacy planning latency field in milliseconds."", ""sumo_time"": ""SUMO-measured vehicle travel time in seconds."", ""time_s"": ""Legacy seconds field that was often used for inference or planning time, depending on the script."", ""travel_time"": ""SUMO-measured vehicle travel time in seconds in the current app pipeline."", ""true_travel_time"": ""Legacy analytical proxy from evaluate.py rather than a live SUMO trip duration.""}, ""num_eval_seeds"": 1, ""planning_time_definition"": ""Planning Time (s) = model inference time + route solving time only. It excludes SUMO startup, warm-up, simulation stepping, and live vehicle travel."", ""reroute_period"": 60, ""reroute_trigger_mode"": ""periodic"", ""simulation_seed_policy"": ""scene_profile_fixed_seed_single_run"", ""travel_time_definition"": ""Travel Time (s) = SUMO trip duration for the evaluated vehicle only, measured from vehicle depart to vehicle arrival inside the simulator."", ""vehicle_depart_window"": [120, 120], ""warmup_seconds"": 120}",Exploratory graph-smoothing extension; not used as the frozen mainline method.
场景A 黄河路单向拥堵,A,simple_local,Sparse-LoRA+GAT,R3C0_E,R3C4_E,318.6,101.32,81.4,3,True,False,arrived,498.6,,1.074718,1.074583,0.000135,50.0,100.0,96,1,1.0,0,4,252.387271,111,180,180,2100,sha256:012f7472d50a,True,/root/autodl-tmp/model_merged_sparse_v2_stage4_fix,"{""evaluation_end_time"": 2100, ""evaluation_start_time"": 180, ""legacy_field_mapping"": {""infer_time"": ""model_infer_time_s"", ""plan_ms"": ""planning_time_ms"", ""planning_ms"": ""planning_time_ms"", ""sumo_time"": ""travel_time_s"", ""time_s"": ""planning_time_s"", ""travel_time"": ""travel_time_s"", ""true_travel_time"": ""analytical_travel_time_s_legacy""}, ""legacy_field_notes"": {""infer_time"": ""Model inference-only time; this is a subcomponent of planning time, not travel time."", ""plan_ms"": ""Legacy planning latency field in milliseconds."", ""planning_ms"": ""Legacy planning latency field in milliseconds."", ""sumo_time"": ""SUMO-measured vehicle travel time in seconds."", ""time_s"": ""Legacy seconds field that was often used for inference or planning time, depending on the script."", ""travel_time"": ""SUMO-measured vehicle travel time in seconds in the current app pipeline."", ""true_travel_time"": ""Legacy analytical proxy from evaluate.py rather than a live SUMO trip duration.""}, ""num_eval_seeds"": 1, ""planning_time_definition"": ""Planning Time (s) = model inference time + route solving time only. It excludes SUMO startup, warm-up, simulation stepping, and live vehicle travel."", ""reroute_period"": 60, ""reroute_trigger_mode"": ""periodic"", ""simulation_seed_policy"": ""scene_profile_fixed_seed_single_run"", ""travel_time_definition"": ""Travel Time (s) = SUMO trip duration for the evaluated vehicle only, measured from vehicle depart to vehicle arrival inside the simulator."", ""vehicle_depart_window"": [180, 180], ""warmup_seconds"": 180}",Exploratory graph-smoothing extension; not used as the frozen mainline method.
场景E 方向不对称拥堵,E,directional_asymmetry,Sparse-LoRA+GAT,R4C0_E,R4C4_E,1335.4,913.44,900.3,3,True,False,arrived,1515.4,,1.432568,1.432386,0.000183,85.71,100.0,96,8,8.3,0,6,329.768539,202,180,180,2100,sha256:012f7472d50a,True,/root/autodl-tmp/model_merged_sparse_v2_stage4_fix,"{""evaluation_end_time"": 2100, ""evaluation_start_time"": 180, ""legacy_field_mapping"": {""infer_time"": ""model_infer_time_s"", ""plan_ms"": ""planning_time_ms"", ""planning_ms"": ""planning_time_ms"", ""sumo_time"": ""travel_time_s"", ""time_s"": ""planning_time_s"", ""travel_time"": ""travel_time_s"", ""true_travel_time"": ""analytical_travel_time_s_legacy""}, ""legacy_field_notes"": {""infer_time"": ""Model inference-only time; this is a subcomponent of planning time, not travel time."", ""plan_ms"": ""Legacy planning latency field in milliseconds."", ""planning_ms"": ""Legacy planning latency field in milliseconds."", ""sumo_time"": ""SUMO-measured vehicle travel time in seconds."", ""time_s"": ""Legacy seconds field that was often used for inference or planning time, depending on the script."", ""travel_time"": ""SUMO-measured vehicle travel time in seconds in the current app pipeline."", ""true_travel_time"": ""Legacy analytical proxy from evaluate.py rather than a live SUMO trip duration.""}, ""num_eval_seeds"": 1, ""planning_time_definition"": ""Planning Time (s) = model inference time + route solving time only. It excludes SUMO startup, warm-up, simulation stepping, and live vehicle travel."", ""reroute_period"": 60, ""reroute_trigger_mode"": ""periodic"", ""simulation_seed_policy"": ""scene_profile_fixed_seed_single_run"", ""travel_time_definition"": ""Travel Time (s) = SUMO trip duration for the evaluated vehicle only, measured from vehicle depart to vehicle arrival inside the simulator."", ""vehicle_depart_window"": [180, 180], ""warmup_seconds"": 180}",Exploratory graph-smoothing extension; not used as the frozen mainline method.
场景D 中央核心节点封锁,D,core_blockage,Sparse-LoRA+GAT,R0C0_E,R4C3_E,1511.0,1215.0,1200.4,4,True,False,arrived,1751.0,,1.870046,1.869817,0.000229,37.5,100.0,96,24,25.0,0,7,670.826258,303,240,240,2400,sha256:012f7472d50a,True,/root/autodl-tmp/model_merged_sparse_v2_stage4_fix,"{""evaluation_end_time"": 2400, ""evaluation_start_time"": 240, ""legacy_field_mapping"": {""infer_time"": ""model_infer_time_s"", ""plan_ms"": ""planning_time_ms"", ""planning_ms"": ""planning_time_ms"", ""sumo_time"": ""travel_time_s"", ""time_s"": ""planning_time_s"", ""travel_time"": ""travel_time_s"", ""true_travel_time"": ""analytical_travel_time_s_legacy""}, ""legacy_field_notes"": {""infer_time"": ""Model inference-only time; this is a subcomponent of planning time, not travel time."", ""plan_ms"": ""Legacy planning latency field in milliseconds."", ""planning_ms"": ""Legacy planning latency field in milliseconds."", ""sumo_time"": ""SUMO-measured vehicle travel time in seconds."", ""time_s"": ""Legacy seconds field that was often used for inference or planning time, depending on the script."", ""travel_time"": ""SUMO-measured vehicle travel time in seconds in the current app pipeline."", ""true_travel_time"": ""Legacy analytical proxy from evaluate.py rather than a live SUMO trip duration.""}, ""num_eval_seeds"": 1, ""planning_time_definition"": ""Planning Time (s) = model inference time + route solving time only. It excludes SUMO startup, warm-up, simulation stepping, and live vehicle travel."", ""reroute_period"": 60, ""reroute_trigger_mode"": ""periodic"", ""simulation_seed_policy"": ""scene_profile_fixed_seed_single_run"", ""travel_time_definition"": ""Travel Time (s) = SUMO trip duration for the evaluated vehicle only, measured from vehicle depart to vehicle arrival inside the simulator."", ""vehicle_depart_window"": [240, 240], ""warmup_seconds"": 240}",Exploratory graph-smoothing extension; not used as the frozen mainline method.
场景G 传播范围外溢,G,propagation_range,Sparse-LoRA+GAT,R0C0_E,C4R3_N,1780.2,1516.31,1500.5,5,True,False,arrived,2020.2,,1.103903,1.10365,0.000253,66.67,100.0,96,3,3.1,0,7,298.953264,404,240,240,2400,sha256:012f7472d50a,True,/root/autodl-tmp/model_merged_sparse_v2_stage4_fix,"{""evaluation_end_time"": 2400, ""evaluation_start_time"": 240, ""legacy_field_mapping"": {""infer_time"": ""model_infer_time_s"", ""plan_ms"": ""planning_time_ms"", ""planning_ms"": ""planning_time_ms"", ""sumo_time"": ""travel_time_s"", ""time_s"": ""planning_time_s"", ""travel_time"": ""travel_time_s"", ""true_travel_time"": ""analytical_travel_time_s_legacy""}, ""legacy_field_notes"": {""infer_time"": ""Model inference-only time; this is a subcomponent of planning time, not travel time."", ""plan_ms"": ""Legacy planning latency field in milliseconds."", ""planning_ms"": ""Legacy planning latency field in milliseconds."", ""sumo_time"": ""SUMO-measured vehicle travel time in seconds."", ""time_s"": ""Legacy seconds field that was often used for inference or planning time, depending on the script."", ""travel_time"": ""SUMO-measured vehicle travel time in seconds in the current app pipeline."", ""true_travel_time"": ""Legacy analytical proxy from evaluate.py rather than a live SUMO trip duration.""}, ""num_eval_seeds"": 1, ""planning_time_definition"": ""Planning Time (s) = model inference time + route solving time only. It excludes SUMO startup, warm-up, simulation stepping, and live vehicle travel."", ""reroute_period"": 45, ""reroute_trigger_mode"": ""periodic"", ""simulation_seed_policy"": ""scene_profile_fixed_seed_single_run"", ""travel_time_definition"": ""Travel Time (s) = SUMO trip duration for the evaluated vehicle only, measured from vehicle depart to vehicle arrival inside the simulator."", ""vehicle_depart_window"": [240, 240], ""warmup_seconds"": 240}",Exploratory graph-smoothing extension; not used as the frozen mainline method.
场景C 多路段复合拥堵,C,compound_disaster,Sparse-LoRA+GAT,R0C0_E,R3C4_E,2400.1,2152.47,2113.2,9,False,True,truncated_at_evaluation_end,-1.0,end,1.394293,1.394046,0.000246,63.64,100.0,96,13,13.5,0,7,298.586034,505,300,300,2700,sha256:012f7472d50a,True,/root/autodl-tmp/model_merged_sparse_v2_stage4_fix,"{""evaluation_end_time"": 2700, ""evaluation_start_time"": 300, ""legacy_field_mapping"": {""infer_time"": ""model_infer_time_s"", ""plan_ms"": ""planning_time_ms"", ""planning_ms"": ""planning_time_ms"", ""sumo_time"": ""travel_time_s"", ""time_s"": ""planning_time_s"", ""travel_time"": ""travel_time_s"", ""true_travel_time"": ""analytical_travel_time_s_legacy""}, ""legacy_field_notes"": {""infer_time"": ""Model inference-only time; this is a subcomponent of planning time, not travel time."", ""plan_ms"": ""Legacy planning latency field in milliseconds."", ""planning_ms"": ""Legacy planning latency field in milliseconds."", ""sumo_time"": ""SUMO-measured vehicle travel time in seconds."", ""time_s"": ""Legacy seconds field that was often used for inference or planning time, depending on the script."", ""travel_time"": ""SUMO-measured vehicle travel time in seconds in the current app pipeline."", ""true_travel_time"": ""Legacy analytical proxy from evaluate.py rather than a live SUMO trip duration.""}, ""num_eval_seeds"": 1, ""planning_time_definition"": ""Planning Time (s) = model inference time + route solving time only. It excludes SUMO startup, warm-up, simulation stepping, and live vehicle travel."", ""reroute_period"": 30, ""reroute_trigger_mode"": ""periodic"", ""simulation_seed_policy"": ""scene_profile_fixed_seed_single_run"", ""travel_time_definition"": ""Travel Time (s) = SUMO trip duration for the evaluated vehicle only, measured from vehicle depart to vehicle arrival inside the simulator."", ""vehicle_depart_window"": [300, 300], ""warmup_seconds"": 300}",Exploratory graph-smoothing extension; not used as the frozen mainline method.
