bucket_family,bucket_name,count,pre_no_anchor_when_gt_changed_rate,post_no_anchor_when_gt_changed_rate,delta_no_anchor_when_gt_changed_rate,pre_gt_changed_edge_recall,post_gt_changed_edge_recall,delta_gt_changed_edge_recall,pre_parse_fail_rate_strict,post_parse_fail_rate_strict,delta_parse_fail_rate_strict,improved_metrics,regressed_metrics,net_status,changed_count,unchanged_count,no_anchor_to_anchor_count,anchor_but_still_wrong_count,notes
heldout_summary,overall/overall,540,0.0611,0.0589,-0.0022000000000000006,89.3,90.5,1.2000000000000028,0.0537,0.0519,-0.001799999999999996,3,0,net_improved,,,,,
heldout_summary,overall:length_bucket/long,132,0.0083,0.0083,0.0,95.9,95.9,0.0,0.0076,0.0076,0.0,0,0,unchanged,,,,,
heldout_summary,overall:length_bucket/medium,169,0.0738,0.0738,0.0,81.2,84.6,3.3999999999999915,0.0651,0.0651,0.0,1,0,net_improved,,,,,
heldout_summary,overall:length_bucket/noisy_long,144,0.0079,0.0079,0.0,95.1,95.6,0.5,0.0069,0.0069,0.0,1,0,net_improved,,,,,
heldout_summary,overall:length_bucket/short,95,0.2025,0.1899,-0.0126,72.5,73.1,0.5999999999999943,0.1684,0.1579,-0.010499999999999982,3,0,net_improved,,,,,
heldout_summary,overall:scene_type/compound_disaster,87,0.0,0.0,0.0,95.0,96.1,1.0999999999999943,0.0,0.0,0.0,1,0,net_improved,,,,,
heldout_summary,overall:scene_type/core_blockage,44,0.0,0.0,0.0,78.8,82.1,3.299999999999997,0.0,0.0,0.0,1,0,net_improved,,,,,
heldout_summary,overall:scene_type/directional_asymmetry,71,0.0,0.0,0.0,71.8,75.4,3.6000000000000085,0.0,0.0,0.0,1,0,net_improved,,,,,
heldout_summary,overall:scene_type/propagation_range,112,0.0,0.0,0.0,100.0,100.0,0.0,0.0,0.0,0.0,0,0,unchanged,,,,,
heldout_summary,overall:scene_type/simple_local,139,0.2762,0.2667,-0.009500000000000008,63.7,64.3,0.5999999999999943,0.2086,0.2014,-0.007200000000000012,3,0,net_improved,,,,,
heldout_summary,overall:scene_type/temporal_switch,87,0.0,0.0,0.0,100.0,100.0,0.0,0.0,0.0,0.0,0,0,unchanged,,,,,
heldout_summary,split/val_anti_truncation,180,0.0,0.0,0.0,98.0,98.5,0.5,0.0,0.0,0.0,1,0,net_improved,,,,,
heldout_summary,split/val_normal,180,0.1986,0.1918,-0.0068000000000000005,65.9,67.0,1.0999999999999943,0.1611,0.1556,-0.005500000000000005,3,0,net_improved,,,,,
heldout_summary,split/val_special,180,0.0,0.0,0.0,89.7,91.6,1.8999999999999915,0.0,0.0,0.0,1,0,net_improved,,,,,
heldout_summary,val_anti_truncation:length_bucket/long,72,0.0,0.0,0.0,98.6,98.6,0.0,0.0,0.0,0.0,0,0,unchanged,,,,,
heldout_summary,val_anti_truncation:length_bucket/medium,14,0.0,0.0,0.0,95.3,95.3,0.0,0.0,0.0,0.0,0,0,unchanged,,,,,
heldout_summary,val_anti_truncation:length_bucket/noisy_long,94,0.0,0.0,0.0,97.9,98.7,0.7999999999999972,0.0,0.0,0.0,1,0,net_improved,,,,,
heldout_summary,val_anti_truncation:scene_type/compound_disaster,50,0.0,0.0,0.0,95.6,96.6,1.0,0.0,0.0,0.0,1,0,net_improved,,,,,
heldout_summary,val_anti_truncation:scene_type/propagation_range,75,0.0,0.0,0.0,100.0,100.0,0.0,0.0,0.0,0.0,0,0,unchanged,,,,,
heldout_summary,val_anti_truncation:scene_type/temporal_switch,55,0.0,0.0,0.0,100.0,100.0,0.0,0.0,0.0,0.0,0,0,unchanged,,,,,
heldout_summary,val_normal:length_bucket/long,6,0.25,0.25,0.0,80.0,80.0,0.0,0.1667,0.1667,0.0,0,0,unchanged,,,,,
heldout_summary,val_normal:length_bucket/medium,85,0.1549,0.1549,0.0,68.8,70.1,1.2999999999999972,0.1294,0.1294,0.0,1,0,net_improved,,,,,
heldout_summary,val_normal:length_bucket/noisy_long,5,0.3333,0.3333,0.0,55.6,55.6,0.0,0.2,0.2,0.0,0,0,unchanged,,,,,
heldout_summary,val_normal:length_bucket/short,84,0.2353,0.2206,-0.014700000000000019,62.7,63.6,0.8999999999999986,0.1905,0.1786,-0.011899999999999994,3,0,net_improved,,,,,
heldout_summary,val_normal:scene_type/directional_asymmetry,41,0.0,0.0,0.0,69.5,71.4,1.9000000000000057,0.0,0.0,0.0,1,0,net_improved,,,,,
heldout_summary,val_normal:scene_type/simple_local,139,0.2762,0.2667,-0.009500000000000008,63.7,64.3,0.5999999999999943,0.2086,0.2014,-0.007200000000000012,3,0,net_improved,,,,,
heldout_summary,val_special:length_bucket/long,54,0.0,0.0,0.0,92.5,92.5,0.0,0.0,0.0,0.0,0,0,unchanged,,,,,
heldout_summary,val_special:length_bucket/medium,70,0.0,0.0,0.0,85.4,90.4,5.0,0.0,0.0,0.0,1,0,net_improved,,,,,
heldout_summary,val_special:length_bucket/noisy_long,45,0.0,0.0,0.0,91.5,91.5,0.0,0.0,0.0,0.0,0,0,unchanged,,,,,
heldout_summary,val_special:length_bucket/short,11,0.0,0.0,0.0,94.3,94.3,0.0,0.0,0.0,0.0,0,0,unchanged,,,,,
heldout_summary,val_special:scene_type/compound_disaster,37,0.0,0.0,0.0,94.2,95.4,1.2000000000000028,0.0,0.0,0.0,1,0,net_improved,,,,,
heldout_summary,val_special:scene_type/core_blockage,44,0.0,0.0,0.0,78.8,82.1,3.299999999999997,0.0,0.0,0.0,1,0,net_improved,,,,,
heldout_summary,val_special:scene_type/directional_asymmetry,30,0.0,0.0,0.0,74.4,80.0,5.599999999999994,0.0,0.0,0.0,1,0,net_improved,,,,,
heldout_summary,val_special:scene_type/propagation_range,37,0.0,0.0,0.0,100.0,100.0,0.0,0.0,0.0,0.0,0,0,unchanged,,,,,
heldout_summary,val_special:scene_type/temporal_switch,32,0.0,0.0,0.0,100.0,100.0,0.0,0.0,0.0,0.0,0,0,unchanged,,,,,
diff29_subtype,multi_edge_relief,2,,,,,,,,,,,,unchanged,0,2,0,0,targeted semantic-gap bucket from diff_29
diff29_subtype,relief_normal_short_range,7,,,,,,,,,,,,unchanged,0,7,0,0,targeted semantic-gap bucket from diff_29
diff29_subtype,relief_normal_single_edge,20,,,,,,,,,,,,net_improved,1,19,1,0,targeted semantic-gap bucket from diff_29
remaining_failure_status,anchor_but_incomplete_range,22,,,,,,,,,,,,remaining_failure_bucket,,,,,post-stage4c remaining hard cases on val_normal/simple_local
remaining_failure_status,no_anchor,28,,,,,,,,,,,,remaining_failure_bucket,,,,,post-stage4c remaining hard cases on val_normal/simple_local
remaining_edge_profile,multi_edge,8,,,,,,,,,,,,remaining_failure_bucket,,,,,post-stage4c remaining hard cases on val_normal/simple_local
remaining_edge_profile,short_range,23,,,,,,,,,,,,remaining_failure_bucket,,,,,post-stage4c remaining hard cases on val_normal/simple_local
remaining_edge_profile,single_edge,19,,,,,,,,,,,,remaining_failure_bucket,,,,,post-stage4c remaining hard cases on val_normal/simple_local
remaining_phrase_group,畅通无阻,28,,,,,,,,,,,,remaining_failure_bucket,,,,,post-stage4c remaining hard cases on val_normal/simple_local
remaining_phrase_group,顺畅,22,,,,,,,,,,,,remaining_failure_bucket,,,,,post-stage4c remaining hard cases on val_normal/simple_local
remaining_structure_tag,mixed_clause,11,,,,,,,,,,,,remaining_failure_bucket,,,,,post-stage4c remaining hard cases on val_normal/simple_local
remaining_structure_tag,planner_long,2,,,,,,,,,,,,remaining_failure_bucket,,,,,post-stage4c remaining hard cases on val_normal/simple_local
remaining_structure_tag,prefixed_short,22,,,,,,,,,,,,remaining_failure_bucket,,,,,post-stage4c remaining hard cases on val_normal/simple_local
remaining_structure_tag,short_plain,15,,,,,,,,,,,,remaining_failure_bucket,,,,,post-stage4c remaining hard cases on val_normal/simple_local
remaining_is_mixed_normal_abnormal,False,28,,,,,,,,,,,,remaining_failure_bucket,,,,,post-stage4c remaining hard cases on val_normal/simple_local
remaining_is_mixed_normal_abnormal,True,22,,,,,,,,,,,,remaining_failure_bucket,,,,,post-stage4c remaining hard cases on val_normal/simple_local
