Scenario,Method,Travel Time (s),model_infer_time_s,route_solve_time_s,Planning Time (s),Constraint Rate (%),Parsed Edge Ratio (%),Signal Ratio (%),Status,Failed,Failure Reason
场景A 黄河路单向拥堵,Dijkstra,623.9,0.00,0.000070,0.000070,50.0,0.0,0.0,ok,False,
场景B 花园路封闭绕行,Dijkstra,1685.0,0.00,0.000040,0.000040,60.0,0.0,0.0,ok,False,
场景C 多路段复合拥堵,Dijkstra,649.8,0.00,0.000080,0.000080,0.0,0.0,0.0,ok,False,
场景D 中央核心节点封锁（强迫大范围绕行）,Dijkstra,536.5,0.00,0.000130,0.000130,26.7,0.0,0.0,ok,False,
场景E 不对称方向拥堵（测试模型方向提取能力）,Dijkstra,773.7,0.00,0.000060,0.000060,36.4,0.0,0.0,ok,False,
场景F 大规模复合灾害（极限压力测试）,Dijkstra,446.5,0.00,0.000080,0.000080,21.4,0.0,0.0,ok,False,
场景A 黄河路单向拥堵,Rule-A*,436.8,0.00,0.000070,0.000070,100.0,100.0,91.7,ok,False,
场景B 花园路封闭绕行,Rule-A*,708.4,0.00,0.000040,0.000040,100.0,100.0,91.7,ok,False,
场景C 多路段复合拥堵,Rule-A*,544.6,0.00,0.000070,0.000070,28.6,100.0,91.7,ok,False,
场景D 中央核心节点封锁（强迫大范围绕行）,Rule-A*,490.4,0.00,0.000080,0.000080,46.7,100.0,91.7,ok,False,
场景E 不对称方向拥堵（测试模型方向提取能力）,Rule-A*,454.6,0.00,0.000070,0.000070,72.7,100.0,91.7,ok,False,
场景F 大规模复合灾害（极限压力测试）,Rule-A*,446.5,0.00,0.000090,0.000090,21.4,100.0,91.7,ok,False,
场景A 黄河路单向拥堵,DQN,811.8,0.00,0.000070,0.000070,100.0,100.0,91.7,ok,False,
场景B 花园路封闭绕行,DQN,1865.2,0.00,0.000040,0.000040,100.0,100.0,91.7,ok,False,
场景C 多路段复合拥堵,DQN,268.2,0.00,0.000080,0.000080,28.6,100.0,91.7,ok,False,
场景D 中央核心节点封锁（强迫大范围绕行）,DQN,268.2,0.00,0.000080,0.000080,46.7,100.0,91.7,ok,False,
场景E 不对称方向拥堵（测试模型方向提取能力）,DQN,889.0,0.00,0.000070,0.000070,72.7,100.0,91.7,ok,False,
场景F 大规模复合灾害（极限压力测试）,DQN,529.7,0.00,0.000070,0.000070,21.4,100.0,91.7,ok,False,
场景A 黄河路单向拥堵,GCN-Weight,436.8,0.00,0.000060,0.000060,100.0,100.0,72.9,ok,False,
场景B 花园路封闭绕行,GCN-Weight,708.4,0.00,0.000050,0.000050,100.0,100.0,72.9,ok,False,
场景C 多路段复合拥堵,GCN-Weight,533.6,0.00,0.000080,0.000080,28.6,100.0,72.9,ok,False,
场景D 中央核心节点封锁（强迫大范围绕行）,GCN-Weight,682.2,0.00,0.000130,0.000130,46.7,100.0,72.9,ok,False,
场景E 不对称方向拥堵（测试模型方向提取能力）,GCN-Weight,394.1,0.00,0.000060,0.000060,72.7,100.0,70.8,ok,False,
场景F 大规模复合灾害（极限压力测试）,GCN-Weight,682.2,0.00,0.000080,0.000080,21.4,100.0,70.8,ok,False,
场景A 黄河路单向拥堵,Raw-Qwen,623.9,20.41,0.000070,20.410070,50.0,0.0,0.0,ok,False,
场景B 花园路封闭绕行,Raw-Qwen,1685.0,4.97,0.000040,4.970040,60.0,0.0,0.0,ok,False,
场景C 多路段复合拥堵,Raw-Qwen,649.8,7.21,0.000080,7.210080,0.0,0.0,0.0,ok,False,
场景D 中央核心节点封锁（强迫大范围绕行）,Raw-Qwen,536.5,11.36,0.000080,11.360080,26.7,0.0,0.0,ok,False,
场景E 不对称方向拥堵（测试模型方向提取能力）,Raw-Qwen,773.7,5.96,0.000050,5.960050,36.4,0.0,0.0,ok,False,
场景F 大规模复合灾害（极限压力测试）,Raw-Qwen,446.5,11.78,0.000080,11.780080,21.4,0.0,0.0,ok,False,
场景A 黄河路单向拥堵,CoT-Qwen,436.8,16.81,0.000080,16.810080,50.0,3.1,3.1,ok,False,
场景B 花园路封闭绕行,CoT-Qwen,991.5,11.60,0.000060,11.600060,60.0,3.1,3.1,ok,False,
场景C 多路段复合拥堵,CoT-Qwen,588.7,8.52,0.000080,8.520080,0.0,3.1,3.1,ok,False,
场景D 中央核心节点封锁（强迫大范围绕行）,CoT-Qwen,536.5,5.77,0.000080,5.770080,33.3,3.1,3.1,ok,False,
场景E 不对称方向拥堵（测试模型方向提取能力）,CoT-Qwen,773.7,3.08,0.000060,3.080060,36.4,3.1,3.1,ok,False,
场景F 大规模复合灾害（极限压力测试）,CoT-Qwen,446.5,5.37,0.000080,5.370080,28.6,3.1,3.1,ok,False,
场景A 黄河路单向拥堵,Qwen-LoRA,436.8,20.31,0.000030,20.310030,100.0,100.0,70.8,ok,False,
场景B 花园路封闭绕行,Qwen-LoRA,708.4,20.05,0.000030,20.050030,100.0,100.0,67.7,ok,False,
场景C 多路段复合拥堵,Qwen-LoRA,649.8,12.01,0.000080,12.010080,0.0,0.0,0.0,parse_failed_default_2.0,False,parser returned no valid edge weights; fallback to default 2.0
场景D 中央核心节点封锁（强迫大范围绕行）,Qwen-LoRA,536.5,10.53,0.000080,10.530080,26.7,0.0,0.0,parse_failed_default_2.0,False,parser returned no valid edge weights; fallback to default 2.0
场景E 不对称方向拥堵（测试模型方向提取能力）,Qwen-LoRA,773.7,19.26,0.000020,19.260020,36.4,100.0,69.8,ok,False,
场景F 大规模复合灾害（极限压力测试）,Qwen-LoRA,446.5,12.99,0.000080,12.990080,21.4,0.0,0.0,parse_failed_default_2.0,False,parser returned no valid edge weights; fallback to default 2.0
场景A 黄河路单向拥堵,LoRA+GAT,436.8,20.22,0.000040,20.220040,100.0,100.0,85.4,ok,False,
场景B 花园路封闭绕行,LoRA+GAT,708.4,19.73,0.000030,19.730030,100.0,100.0,87.5,ok,False,
场景C 多路段复合拥堵,LoRA+GAT,544.6,11.99,0.000080,11.990080,0.0,0.0,41.7,parse_failed_default_2.0,False,parser returned no valid edge weights; fallback to default 2.0
场景D 中央核心节点封锁（强迫大范围绕行）,LoRA+GAT,536.5,10.54,0.000090,10.540090,26.7,0.0,41.7,parse_failed_default_2.0,False,parser returned no valid edge weights; fallback to default 2.0
场景E 不对称方向拥堵（测试模型方向提取能力）,LoRA+GAT,773.7,19.21,0.000020,19.210020,36.4,100.0,87.5,ok,False,
场景F 大规模复合灾害（极限压力测试）,LoRA+GAT,446.5,13.02,0.000080,13.020080,21.4,0.0,41.7,parse_failed_default_2.0,False,parser returned no valid edge weights; fallback to default 2.0
场景A 黄河路单向拥堵,R1-Raw,623.9,16.64,0.000070,16.640070,50.0,0.0,0.0,ok,False,
场景B 花园路封闭绕行,R1-Raw,708.4,26.07,0.000020,26.070020,40.0,79.2,79.2,ok,False,
场景C 多路段复合拥堵,R1-Raw,649.8,14.17,0.000080,14.170080,0.0,20.8,19.8,ok,False,
场景D 中央核心节点封锁（强迫大范围绕行）,R1-Raw,536.5,49.23,0.000060,49.230060,26.7,97.9,39.6,ok,False,
场景E 不对称方向拥堵（测试模型方向提取能力）,R1-Raw,773.7,24.69,0.000060,24.690060,36.4,0.0,0.0,ok,False,
场景F 大规模复合灾害（极限压力测试）,R1-Raw,618.3,28.67,0.000070,28.670070,57.1,92.7,92.7,ok,False,
场景A 黄河路单向拥堵,R1-LoRA,623.9,28.53,0.000070,28.530070,50.0,0.0,0.0,ok,False,
场景B 花园路封闭绕行,R1-LoRA,1685.0,27.16,0.000060,27.160060,80.0,100.0,100.0,ok,False,
场景C 多路段复合拥堵,R1-LoRA,588.7,26.20,0.000080,26.200080,0.0,100.0,53.1,ok,False,
场景D 中央核心节点封锁（强迫大范围绕行）,R1-LoRA,546.5,30.00,0.000070,30.000070,40.0,100.0,58.3,ok,False,
场景E 不对称方向拥堵（测试模型方向提取能力）,R1-LoRA,773.7,49.75,0.000060,49.750060,36.4,0.0,0.0,ok,False,
场景F 大规模复合灾害（极限压力测试）,R1-LoRA,496.1,27.28,0.000080,27.280080,50.0,99.0,99.0,ok,False,
场景A 黄河路单向拥堵,Sparse-LoRA,436.8,1.15,0.000080,1.150080,100.0,9.4,9.4,ok,False,
场景B 花园路封闭绕行,Sparse-LoRA,708.4,1.14,0.000080,1.140080,100.0,8.3,8.3,ok,False,
场景C 多路段复合拥堵,Sparse-LoRA,544.6,1.50,0.000080,1.500080,28.6,9.4,9.4,ok,False,
场景D 中央核心节点封锁（强迫大范围绕行）,Sparse-LoRA,536.5,1.88,0.000080,1.880080,86.7,12.5,12.5,ok,False,
场景E 不对称方向拥堵（测试模型方向提取能力）,Sparse-LoRA,394.1,1.36,0.000070,1.360070,72.7,12.5,12.5,ok,False,
场景F 大规模复合灾害（极限压力测试）,Sparse-LoRA,446.5,1.82,0.000080,1.820080,21.4,4.2,4.2,ok,False,
场景A 黄河路单向拥堵,Sparse-LoRA+GAT,436.8,1.17,0.000070,1.170070,100.0,9.4,64.6,ok,False,
场景B 花园路封闭绕行,Sparse-LoRA+GAT,708.4,1.16,0.000060,1.160060,100.0,8.3,64.6,ok,False,
场景C 多路段复合拥堵,Sparse-LoRA+GAT,544.6,1.52,0.000080,1.520080,28.6,9.4,47.9,ok,False,
场景D 中央核心节点封锁（强迫大范围绕行）,Sparse-LoRA+GAT,490.4,1.86,0.000080,1.860080,86.7,12.5,64.6,ok,False,
场景E 不对称方向拥堵（测试模型方向提取能力）,Sparse-LoRA+GAT,394.1,1.35,0.000070,1.350070,72.7,12.5,81.2,ok,False,
场景F 大规模复合灾害（极限压力测试）,Sparse-LoRA+GAT,446.5,1.83,0.000080,1.830080,21.4,4.2,45.8,ok,False,
